Type_of_fiber;Fiber_diameter;Embedded_length;Youngs_modulus_of_fiber;Poisson_ratio_of_fiber;Type_of_matrix;Youngs_modulus_of_matrix;Poissons_ratio_of_matrix;Loading_rate;Prepare_temperature;Test_temperature;Fmax;IFSS
1;6;42.5;294;0.3;1;3;0.34;6;370;30;0.054;67.1
1;6;42.5;294;0.3;1;3;0.34;6;370;30;0.049;60.8
1;6;42.5;294;0.3;1;2.5;0.34;6;370;50;0.055;68.6
1;6;42.5;294;0.3;1;2.3;0.34;6;370;70;0.058;71.8
1;6;42.5;294;0.3;1;2.3;0.34;6;370;70;0.048;60.2
1;6;42.5;294;0.3;1;2.3;0.34;6;370;70;0.045;56.5
1;6;42.5;294;0.3;1;2.3;0.34;6;370;70;0.043;53.6
1;6;42.5;294;0.3;1;2;0.34;6;370;100;0.069;86.2
1;6;42.5;294;0.3;1;2;0.34;6;370;100;0.067;83.3
1;6;42.5;294;0.3;1;2;0.34;6;370;100;0.057;70.9
1;6;42.5;294;0.3;1;2;0.34;6;370;100;0.051;63.8
1;6;42.5;294;0.3;1;2;0.34;6;370;100;0.048;59.7
1;6;42.5;294;0.3;1;2;0.34;6;370;100;0.039;48.9
2;7;50;230;0.2;2;2.74;0.35;0.014;230;25;0.065;58.8
2;7;51.3;230;0.2;2;2.74;0.35;0.014;230;25;0.071;63.1
2;7;51.6;230;0.2;2;2.74;0.35;0.014;230;25;0.073;64
2;7;51.8;230;0.2;2;2.74;0.35;0.014;230;25;0.069;60.6
2;7;52.2;230;0.2;2;2.74;0.35;0.014;230;25;0.077;66.9
2;7;54.1;230;0.2;2;2.74;0.35;0.014;230;25;0.077;65
2;7;54.8;230;0.2;2;2.74;0.35;0.014;230;25;0.079;65.8
2;7;54.9;230;0.2;2;2.74;0.35;0.014;230;25;0.082;68.1
2;7;56.2;230;0.2;2;2.74;0.35;0.014;230;25;0.084;67.9
2;7;56.3;230;0.2;2;2.74;0.35;0.014;230;25;0.083;64
2;7;56.3;230;0.2;2;2.74;0.35;0.014;230;25;0.079;66.9
2;7;57.2;230;0.2;2;2.74;0.35;0.014;230;25;0.076;60.2
2;7;57.6;230;0.2;2;2.74;0.35;0.014;230;25;0.083;65.2
2;7;58.4;230;0.2;2;2.74;0.35;0.014;230;25;0.078;60.2
2;7;59.4;230;0.2;2;2.74;0.35;0.014;230;25;0.081;61.9
2;7;59.9;230;0.2;2;2.74;0.35;0.014;230;25;0.086;64.8
2;7;60.5;230;0.2;2;2.74;0.35;0.014;230;25;0.081;61.2
2;7;61.2;230;0.2;2;2.74;0.35;0.014;230;25;0.089;66
2;7;62.6;230;0.2;2;2.74;0.35;0.014;230;25;0.083;69
2;7;62.3;230;0.2;2;2.74;0.35;0.014;230;25;0.094;60
2;7;63.2;230;0.2;2;2.74;0.35;0.014;230;25;0.087;63.1
2;7;63.6;230;0.2;2;2.74;0.35;0.014;230;25;0.087;61.9
2;7;64;230;0.2;2;2.74;0.35;0.014;230;25;0.098;69.8
2;7;64.3;230;0.2;2;2.74;0.35;0.014;230;25;0.092;65
2;7;64.5;230;0.2;2;2.74;0.35;0.014;230;25;0.089;63.1
2;7;65.3;230;0.2;2;2.74;0.35;0.014;230;25;0.089;61.9
2;7;66.2;230;0.2;2;2.74;0.35;0.014;230;25;0.092;62.9
2;7;67.7;230;0.2;2;2.74;0.35;0.014;230;25;0.091;67.9
2;7;67.8;230;0.2;2;2.74;0.35;0.014;230;25;0.094;66
2;7;67.6;230;0.2;2;2.74;0.35;0.014;230;25;0.101;70
2;7;67.7;230;0.2;2;2.74;0.35;0.014;230;25;0.104;63.1
2;7;68.2;230;0.2;2;2.74;0.35;0.014;230;25;0.093;62.3
2;7;68.4;230;0.2;2;2.74;0.35;0.014;230;25;0.105;70
2;7;69.3;230;0.2;2;2.74;0.35;0.014;230;25;0.09;63.1
2;7;70.3;230;0.2;2;2.74;0.35;0.014;230;25;0.093;60.6
2;7;70.9;230;0.2;2;2.74;0.35;0.014;230;25;0.098;63.1
2;7;71.4;230;0.2;2;2.74;0.35;0.014;230;25;0.092;62.9
2;7;72.5;230;0.2;2;2.74;0.35;0.014;230;25;0.111;69.8
2;7;73.6;230;0.2;2;2.74;0.35;0.014;230;25;0.1;61.9
2;7;74.6;230;0.2;2;2.74;0.35;0.014;230;25;0.11;66.9
2;7;75;230;0.2;2;2.74;0.35;0.014;230;25;0.103;62.9
2;7;75.4;230;0.2;2;2.74;0.35;0.014;230;25;0.097;58.8
2;7;76;230;0.2;2;2.74;0.35;0.014;230;25;0.1;60.4
2;7;76.5;230;0.2;2;2.74;0.35;0.014;230;25;0.104;61.7
2;7;77.3;230;0.2;2;2.74;0.35;0.014;230;25;0.1;66
2;7;77.8;230;0.2;2;2.74;0.35;0.014;230;25;0.123;70
2;7;78.9;230;0.2;2;2.74;0.35;0.014;230;25;0.114;66
2;7;79.6;230;0.2;2;2.74;0.35;0.014;230;25;0.108;61.9
2;7;79.9;230;0.2;2;2.74;0.35;0.014;230;25;0.108;61.5
2;7;79.9;230;0.2;2;2.74;0.35;0.014;230;25;0.115;63.8
2;7;80;230;0.2;2;2.74;0.35;0.014;230;25;0.106;66
2;7;50.2;230;0.2;2;2.74;0.35;0.014;230;-196;0.077;76.6
2;7;50.6;230;0.2;2;2.74;0.35;0.014;230;-196;0.082;81.7
2;7;51.6;230;0.2;2;2.74;0.35;0.014;230;-196;0.084;84.5
2;7;51.8;230;0.2;2;2.74;0.35;0.014;230;-196;0.076;76.2
2;7;52;230;0.2;2;2.74;0.35;0.014;230;-196;0.088;88.3
2;7;53.6;230;0.2;2;2.74;0.35;0.014;230;-196;0.097;96.6
2;7;54.2;230;0.2;2;2.74;0.35;0.014;230;-196;0.091;90.9
2;7;55.8;230;0.2;2;2.74;0.35;0.014;230;-196;0.099;98.6
2;7;56.3;230;0.2;2;2.74;0.35;0.014;230;-196;0.092;92
2;7;56.6;230;0.2;2;2.74;0.35;0.014;230;-196;0.101;100.6
2;7;56.9;230;0.2;2;2.74;0.35;0.014;230;-196;0.094;93.8
2;7;57.3;230;0.2;2;2.74;0.35;0.014;230;-196;0.089;88.9
2;7;57.7;230;0.2;2;2.74;0.35;0.014;230;-196;0.096;95.7
2;7;58.2;230;0.2;2;2.74;0.35;0.014;230;-196;0.091;90.5
2;7;59.2;230;0.2;2;2.74;0.35;0.014;230;-196;0.095;95.3
2;7;60.1;230;0.2;2;2.74;0.35;0.014;230;-196;0.099;99.3
2;7;60.6;230;0.2;2;2.74;0.35;0.014;230;-196;0.095;95.3
2;7;61.2;230;0.2;2;2.74;0.35;0.014;230;-196;0.103;103
2;7;62.2;230;0.2;2;2.74;0.35;0.014;230;-196;0.109;108.5
2;7;62.2;230;0.2;2;2.74;0.35;0.014;230;-196;0.096;96.2
2;7;63.1;230;0.2;2;2.74;0.35;0.014;230;-196;0.102;101.7
2;7;63.4;230;0.2;2;2.74;0.35;0.014;230;-196;0.101;100.8
2;7;64.3;230;0.2;2;2.74;0.35;0.014;230;-196;0.114;113.6
2;7;64.5;230;0.2;2;2.74;0.35;0.014;230;-196;0.108;108
2;7;64.8;230;0.2;2;2.74;0.35;0.014;230;-196;0.105;104.7
2;7;65.4;230;0.2;2;2.74;0.35;0.014;230;-196;0.104;104.1
2;7;66.5;230;0.2;2;2.74;0.35;0.014;230;-196;0.107;107.4
2;7;67.4;230;0.2;2;2.74;0.35;0.014;230;-196;0.109;108.7
2;7;67.5;230;0.2;2;2.74;0.35;0.014;230;-196;0.116;116.4
2;7;67.8;230;0.2;2;2.74;0.35;0.014;230;-196;0.12;119.9
2;7;68;230;0.2;2;2.74;0.35;0.014;230;-196;0.115;115.1
2;7;68.1;230;0.2;2;2.74;0.35;0.014;230;-196;0.103;103.4
2;7;68.3;230;0.2;2;2.74;0.35;0.014;230;-196;0.119;118.8
2;7;68.5;230;0.2;2;2.74;0.35;0.014;230;-196;0.111;110.5
2;7;70.4;230;0.2;2;2.74;0.35;0.014;230;-196;0.119;119.1
2;7;70.9;230;0.2;2;2.74;0.35;0.014;230;-196;0.114;114.2
2;7;71.2;230;0.2;2;2.74;0.35;0.014;230;-196;0.115;114.7
2;7;72.2;230;0.2;2;2.74;0.35;0.014;230;-196;0.127;127.4
2;7;73.5;230;0.2;2;2.74;0.35;0.014;230;-196;0.117;116.8
2;7;74.4;230;0.2;2;2.74;0.35;0.014;230;-196;0.126;126.3
2;7;74.7;230;0.2;2;2.74;0.35;0.014;230;-196;0.121;120.6
2;7;75.2;230;0.2;2;2.74;0.35;0.014;230;-196;0.115;114.6
2;7;75.4;230;0.2;2;2.74;0.35;0.014;230;-196;0.111;110.9
2;7;76.2;230;0.2;2;2.74;0.35;0.014;230;-196;0.124;123.9
2;7;77.6;230;0.2;2;2.74;0.35;0.014;230;-196;0.13;130.1
2;7;77.8;230;0.2;2;2.74;0.35;0.014;230;-196;0.137;137.5
2;7;78.1;230;0.2;2;2.74;0.35;0.014;230;-196;0.131;131.1
2;7;79;230;0.2;2;2.74;0.35;0.014;230;-196;0.122;121.7
2;7;79;230;0.2;2;2.74;0.35;0.014;230;-196;0.126;125.6
2;7;79.3;230;0.2;2;2.74;0.35;0.014;230;-196;0.13;129.8
2;7;79.6;230;0.2;2;2.74;0.35;0.014;230;-196;0.134;133.6
3;7;43.4;230;0.26;3;3.5;0.36;0.02;310;25;0.025;25.8
3;7;56.3;230;0.26;3;3.5;0.36;0.02;310;25;0.042;33.7
3;7;59.9;230;0.26;3;3.5;0.36;0.02;310;25;0.037;28.3
3;7;60.9;230;0.26;3;3.5;0.36;0.02;310;25;0.052;39.2
3;7;61.8;230;0.26;3;3.5;0.36;0.02;310;25;0.045;32.9
3;7;63.7;230;0.26;3;3.5;0.36;0.02;310;25;0.037;26.7
3;7;65.2;230;0.26;3;3.5;0.36;0.02;310;25;0.048;33.3
3;7;66.7;230;0.26;3;3.5;0.36;0.02;310;25;0.047;32.1
3;7;68.1;230;0.26;3;3.5;0.36;0.02;310;25;0.051;34.2
3;7;69;230;0.26;3;3.5;0.36;0.02;310;25;0.055;36.5
3;7;69.2;230;0.26;3;3.5;0.36;0.02;310;25;0.058;38
3;7;69.6;230;0.26;3;3.5;0.36;0.02;310;25;0.056;36.8
3;7;71.5;230;0.26;3;3.5;0.36;0.02;310;25;0.064;40.7
3;7;71.9;230;0.26;3;3.5;0.36;0.02;310;25;0.061;38.6
3;7;73.4;230;0.26;3;3.5;0.36;0.02;310;25;0.05;30.8
3;7;74.5;230;0.26;3;3.5;0.36;0.02;310;25;0.058;35.3
3;7;74.7;230;0.26;3;3.5;0.36;0.02;310;25;0.062;37.9
3;7;74.7;230;0.26;3;3.5;0.36;0.02;310;25;0.061;37.1
3;7;74.5;230;0.26;3;3.5;0.36;0.02;310;25;0.059;35.8
3;7;74.1;230;0.26;3;3.5;0.36;0.02;310;25;0.055;33.8
3;7;74.5;230;0.26;3;3.5;0.36;0.02;310;25;0.051;31.1
3;7;75.1;230;0.26;3;3.5;0.36;0.02;310;25;0.048;29.1
3;7;73.6;230;0.26;3;3.5;0.36;0.02;310;25;0.068;42.1
3;7;79.3;230;0.26;3;3.5;0.36;0.02;310;25;0.066;38.1
3;7;80.8;230;0.26;3;3.5;0.36;0.02;310;25;0.07;39.5
3;7;82.1;230;0.26;3;3.5;0.36;0.02;310;25;0.08;44.3
3;7;83.8;230;0.26;3;3.5;0.36;0.02;310;25;0.081;43.7
3;7;83.4;230;0.26;3;3.5;0.36;0.02;310;25;0.065;35.5
3;7;42.5;230;0.26;3;3.5;0.36;0.02;80;25;0.039;41.5
3;7;45.6;230;0.26;3;3.5;0.36;0.02;80;25;0.042;41.7
3;7;44.7;230;0.26;3;3.5;0.36;0.02;80;25;0.041;42
3;7;45.4;230;0.26;3;3.5;0.36;0.02;80;25;0.041;40.6
3;7;49.1;230;0.26;3;3.5;0.36;0.02;80;25;0.046;42.9
3;7;52.4;230;0.26;3;3.5;0.36;0.02;80;25;0.05;43.4
3;7;53.2;230;0.26;3;3.5;0.36;0.02;80;25;0.06;51.2
3;7;53.7;230;0.26;3;3.5;0.36;0.02;80;25;0.06;50.9
3;7;53.9;230;0.26;3;3.5;0.36;0.02;80;25;0.057;47.9
3;7;54.9;230;0.26;3;3.5;0.36;0.02;80;25;0.056;46.3
3;7;56.8;230;0.26;3;3.5;0.36;0.02;80;25;0.06;47.7
3;7;58.1;230;0.26;3;3.5;0.36;0.02;80;25;0.053;41.4
3;7;59.7;230;0.26;3;3.5;0.36;0.02;80;25;0.06;45.6
3;7;59.9;230;0.26;3;3.5;0.36;0.02;80;25;0.058;44.3
3;7;61.1;230;0.26;3;3.5;0.36;0.02;80;25;0.065;48.2
3;7;62.4;230;0.26;3;3.5;0.36;0.02;80;25;0.07;51.1
3;7;63.9;230;0.26;3;3.5;0.36;0.02;80;25;0.07;49.8
3;7;64.3;230;0.26;3;3.5;0.36;0.02;80;25;0.068;48
3;7;65.9;230;0.26;3;3.5;0.36;0.02;80;25;0.069;47.6
3;7;64.5;230;0.26;3;3.5;0.36;0.02;80;25;0.069;49
3;7;65.3;230;0.26;3;3.5;0.36;0.02;80;25;0.072;50.5
3;7;67.4;230;0.26;3;3.5;0.36;0.02;80;25;0.067;45.1
3;7;69.1;230;0.26;3;3.5;0.36;0.02;80;25;0.074;48.5
3;7;69.5;230;0.26;3;3.5;0.36;0.02;80;25;0.075;49
3;7;69.9;230;0.26;3;3.5;0.36;0.02;80;25;0.065;42.1
3;7;45.7;230;0.26;3;3.5;0.36;0.02;100;25;0.056;55.3
3;7;46.3;230;0.26;3;3.5;0.36;0.02;100;25;0.045;44.4
3;7;51;230;0.26;3;3.5;0.36;0.02;100;25;0.058;51.9
3;7;52.4;230;0.26;3;3.5;0.36;0.02;100;25;0.057;49.8
3;7;53.7;230;0.26;3;3.5;0.36;0.02;100;25;0.062;52.6
3;7;54.9;230;0.26;3;3.5;0.36;0.02;100;25;0.056;46.5
3;7;56.2;230;0.26;3;3.5;0.36;0.02;100;25;0.064;51.9
3;7;57.7;230;0.26;3;3.5;0.36;0.02;100;25;0.064;50.1
3;7;62.1;230;0.26;3;3.5;0.36;0.02;100;25;0.08;58.3
3;7;63.4;230;0.26;3;3.5;0.36;0.02;100;25;0.074;53.2
3;7;63.6;230;0.26;3;3.5;0.36;0.02;100;25;0.079;56.7
3;7;63.8;230;0.26;3;3.5;0.36;0.02;100;25;0.071;50.8
3;7;66.9;230;0.26;3;3.5;0.36;0.02;100;25;0.088;60
3;7;67.8;230;0.26;3;3.5;0.36;0.02;100;25;0.07;46.8
3;7;68.6;230;0.26;3;3.5;0.36;0.02;100;25;0.077;51.2
3;7;70.9;230;0.26;3;3.5;0.36;0.02;100;25;0.08;51.5
3;7;71.4;230;0.26;3;3.5;0.36;0.02;100;25;0.091;58.1
3;7;72;230;0.26;3;3.5;0.36;0.02;100;25;0.087;55.2
3;7;73.5;230;0.26;3;3.5;0.36;0.02;100;25;0.086;52.9
3;7;74.1;230;0.26;3;3.5;0.36;0.02;100;25;0.089;54.3
3;7;74.9;230;0.26;3;3.5;0.36;0.02;100;25;0.086;52.3
3;7;74.3;230;0.26;3;3.5;0.36;0.02;100;25;0.075;46.2
3;7;75.2;230;0.26;3;3.5;0.36;0.02;100;25;0.079;47.9
3;7;77.1;230;0.26;3;3.5;0.36;0.02;100;25;0.093;54.6
3;7;87.2;230;0.26;3;3.5;0.36;0.02;100;25;0.106;55.3
3;7;33;230;0.26;3;3.5;0.36;0.02;110;25;0.036;49.2
3;7;41;230;0.26;3;3.5;0.36;0.02;110;25;0.052;58.1
3;7;43.3;230;0.26;3;3.5;0.36;0.02;110;25;0.046;48.8
3;7;45.2;230;0.26;3;3.5;0.36;0.02;110;25;0.048;48.5
3;7;47.9;230;0.26;3;3.5;0.36;0.02;110;25;0.057;54
3;7;48.3;230;0.26;3;3.5;0.36;0.02;110;25;0.056;52.4
3;7;51.1;230;0.26;3;3.5;0.36;0.02;110;25;0.054;47.9
3;7;51.9;230;0.26;3;3.5;0.36;0.02;110;25;0.064;56.1
3;7;51.9;230;0.26;3;3.5;0.36;0.02;110;25;0.066;57.9
3;7;53.4;230;0.26;3;3.5;0.36;0.02;110;25;0.056;47.4
3;7;54.6;230;0.26;3;3.5;0.36;0.02;110;25;0.057;47.4
3;7;55;230;0.26;3;3.5;0.36;0.02;110;25;0.065;53.5
3;7;56.1;230;0.26;3;3.5;0.36;0.02;110;25;0.065;52.4
3;7;55;230;0.26;3;3.5;0.36;0.02;110;25;0.064;53
3;7;60.9;230;0.26;3;3.5;0.36;0.02;110;25;0.071;53.2
3;7;63.2;230;0.26;3;3.5;0.36;0.02;110;25;0.066;47.2
3;7;65.8;230;0.26;3;3.5;0.36;0.02;110;25;0.083;57.2
3;7;67.9;230;0.26;3;3.5;0.36;0.02;110;25;0.086;57.4
3;7;67.7;230;0.26;3;3.5;0.36;0.02;110;25;0.078;52.2
3;7;66.8;230;0.26;3;3.5;0.36;0.02;110;25;0.07;47.4
3;7;69.3;230;0.26;3;3.5;0.36;0.02;110;25;0.074;48.3
3;7;69.5;230;0.26;3;3.5;0.36;0.02;110;25;0.078;51.3
3;7;71.4;230;0.26;3;3.5;0.36;0.02;110;25;0.089;56.7
3;7;71.9;230;0.26;3;3.5;0.36;0.02;110;25;0.075;47.3
3;7;73.7;230;0.26;3;3.5;0.36;0.02;110;25;0.093;57.3
3;7;74.6;230;0.26;3;3.5;0.36;0.02;110;25;0.081;49.5
3;7;76.7;230;0.26;3;3.5;0.36;0.02;110;25;0.093;55.4
3;7;76.1;230;0.26;3;3.5;0.36;0.02;110;25;0.092;54.9
3;7;76.9;230;0.26;3;3.5;0.36;0.02;110;25;0.091;54.1
3;7;39.2;230;0.26;3;3.5;0.36;0.02;120;25;0.05;58.1
3;7;42.1;230;0.26;3;3.5;0.36;0.02;120;25;0.05;54.2
3;7;45.3;230;0.26;3;3.5;0.36;0.02;120;25;0.054;54.6
3;7;45.5;230;0.26;3;3.5;0.36;0.02;120;25;0.059;58.9
3;7;47.9;230;0.26;3;3.5;0.36;0.02;120;25;0.057;54.2
3;7;51.1;230;0.26;3;3.5;0.36;0.02;120;25;0.067;59.9
3;7;52.8;230;0.26;3;3.5;0.36;0.02;120;25;0.064;55.4
3;7;53.4;230;0.26;3;3.5;0.36;0.02;120;25;0.071;60.7
3;7;54.7;230;0.26;3;3.5;0.36;0.02;120;25;0.066;55.3
3;7;57.2;230;0.26;3;3.5;0.36;0.02;120;25;0.067;53.4
3;7;57.5;230;0.26;3;3.5;0.36;0.02;120;25;0.07;55.4
3;7;58.5;230;0.26;3;3.5;0.36;0.02;120;25;0.071;55.5
3;7;58.7;230;0.26;3;3.5;0.36;0.02;120;25;0.069;53.4
3;7;57.7;230;0.26;3;3.5;0.36;0.02;120;25;0.069;54
3;7;60.6;230;0.26;3;3.5;0.36;0.02;120;25;0.077;57.9
3;7;61.3;230;0.26;3;3.5;0.36;0.02;120;25;0.07;52.2
3;7;62.5;230;0.26;3;3.5;0.36;0.02;120;25;0.07;50.8
3;7;63.2;230;0.26;3;3.5;0.36;0.02;120;25;0.078;55.9
3;7;63.4;230;0.26;3;3.5;0.36;0.02;120;25;0.08;57.5
3;7;64.9;230;0.26;3;3.5;0.36;0.02;120;25;0.081;56.8
3;7;65.5;230;0.26;3;3.5;0.36;0.02;120;25;0.08;55.6
3;7;65.1;230;0.26;3;3.5;0.36;0.02;120;25;0.075;52.4
3;7;65.1;230;0.26;3;3.5;0.36;0.02;120;25;0.089;62.5
3;7;67.2;230;0.26;3;3.5;0.36;0.02;120;25;0.086;58.5
3;7;67.2;230;0.26;3;3.5;0.36;0.02;120;25;0.085;57.7
3;7;67;230;0.26;3;3.5;0.36;0.02;120;25;0.081;55.2
3;7;67.7;230;0.26;3;3.5;0.36;0.02;120;25;0.083;55.6
3;7;67.9;230;0.26;3;3.5;0.36;0.02;120;25;0.079;52.8
3;7;69.4;230;0.26;3;3.5;0.36;0.02;120;25;0.079;52.1
3;7;70.6;230;0.26;3;3.5;0.36;0.02;120;25;0.079;51
3;7;71.1;230;0.26;3;3.5;0.36;0.02;120;25;0.091;58
3;7;71.1;230;0.26;3;3.5;0.36;0.02;120;25;0.086;54.7
3;7;72.8;230;0.26;3;3.5;0.36;0.02;120;25;0.089;55.9
3;7;72.8;230;0.26;3;3.5;0.36;0.02;120;25;0.088;55.1
3;7;78.1;230;0.26;3;3.5;0.36;0.02;120;25;0.107;62.3
3;7;51.8;230;0.26;3;3.5;0.36;0.02;150;25;0.059;51.9
3;7;53.7;230;0.26;3;3.5;0.36;0.02;150;25;0.056;47.7
3;7;56;230;0.26;3;3.5;0.36;0.02;150;25;0.057;46.5
3;7;53.9;230;0.26;3;3.5;0.36;0.02;150;25;0.065;55
3;7;56.8;230;0.26;3;3.5;0.36;0.02;150;25;0.063;50.8
3;7;57.3;230;0.26;3;3.5;0.36;0.02;150;25;0.064;51
3;7;57.2;230;0.26;3;3.5;0.36;0.02;150;25;0.069;54.8
3;7;59.7;230;0.26;3;3.5;0.36;0.02;150;25;0.07;53.7
3;7;60.6;230;0.26;3;3.5;0.36;0.02;150;25;0.064;48.3
3;7;61;230;0.26;3;3.5;0.36;0.02;150;25;0.063;46.8
3;7;62.5;230;0.26;3;3.5;0.36;0.02;150;25;0.076;55.4
3;7;63.5;230;0.26;3;3.5;0.36;0.02;150;25;0.078;55.9
3;7;66.9;230;0.26;3;3.5;0.36;0.02;150;25;0.068;46.4
3;7;67.3;230;0.26;3;3.5;0.36;0.02;150;25;0.084;57.1
3;7;67.7;230;0.26;3;3.5;0.36;0.02;150;25;0.074;50
3;7;68.5;230;0.26;3;3.5;0.36;0.02;150;25;0.082;54.7
3;7;70.3;230;0.26;3;3.5;0.36;0.02;150;25;0.074;47.7
3;7;70.6;230;0.26;3;3.5;0.36;0.02;150;25;0.086;55.4
3;7;72.9;230;0.26;3;3.5;0.36;0.02;150;25;0.091;56.7
3;7;77.6;230;0.26;3;3.5;0.36;0.02;150;25;0.085;49.7
3;7;77.6;230;0.26;3;3.5;0.36;0.02;150;25;0.09;52.5
3;7;96.7;230;0.26;3;3.5;0.36;0.02;150;25;0.107;50.1
3;7;54.2;230;0.26;3;3.5;0.36;0.02;230;25;0.065;54.4
3;7;56.1;230;0.26;3;3.5;0.36;0.02;230;25;0.063;50.8
3;7;57.2;230;0.26;3;3.5;0.36;0.02;230;25;0.062;48.9
3;7;57.4;230;0.26;3;3.5;0.36;0.02;230;25;0.059;46.8
3;7;59.5;230;0.26;3;3.5;0.36;0.02;230;25;0.062;47.2
3;7;59.9;230;0.26;3;3.5;0.36;0.02;230;25;0.069;52.2
3;7;60.3;230;0.26;3;3.5;0.36;0.02;230;25;0.073;54.9
3;7;61.1;230;0.26;3;3.5;0.36;0.02;230;25;0.075;55.8
3;7;62.4;230;0.26;3;3.5;0.36;0.02;230;25;0.074;54.2
3;7;64.1;230;0.26;3;3.5;0.36;0.02;230;25;0.071;50.5
3;7;66.2;230;0.26;3;3.5;0.36;0.02;230;25;0.072;49.4
3;7;66.4;230;0.26;3;3.5;0.36;0.02;230;25;0.071;48.6
3;7;66.4;230;0.26;3;3.5;0.36;0.02;230;25;0.068;46.5
3;7;67.3;230;0.26;3;3.5;0.36;0.02;230;25;0.069;46.5
3;7;66.8;230;0.26;3;3.5;0.36;0.02;230;25;0.076;52
3;7;67.2;230;0.26;3;3.5;0.36;0.02;230;25;0.077;52.2
3;7;67.4;230;0.26;3;3.5;0.36;0.02;230;25;0.079;53.5
3;7;68.7;230;0.26;3;3.5;0.36;0.02;230;25;0.074;49
3;7;68.9;230;0.26;3;3.5;0.36;0.02;230;25;0.076;50.5
3;7;70.2;230;0.26;3;3.5;0.36;0.02;230;25;0.082;52.9
3;7;70.6;230;0.26;3;3.5;0.36;0.02;230;25;0.084;53.9
3;7;82.2;230;0.26;3;3.5;0.36;0.02;230;25;0.093;51.7
5;17.5;114.7;230;0.2;4;3;0.36;0.01;150;25;0.13;20.6
5;17.5;123.1;230;0.2;4;3;0.36;0.01;150;25;0.163;24.1
5;17.5;148.3;230;0.2;4;3;0.36;0.01;150;25;0.193;23.7
5;17.5;165;230;0.2;4;3;0.36;0.01;150;25;0.183;20.2
5;17.5;162.2;230;0.2;4;3;0.36;0.01;150;25;0.21;23.5
5;17.5;179;230;0.2;4;3;0.36;0.01;150;25;0.227;23
5;17.5;184.6;230;0.2;4;3;0.36;0.01;150;25;0.23;22.7
5;17.5;193;230;0.2;4;3;0.36;0.01;150;25;0.21;19.8
5;17.5;198.6;230;0.2;4;3;0.36;0.01;150;25;0.193;17.7
5;17.5;198.6;230;0.2;4;3;0.36;0.01;150;25;0.263;24.1
5;17.5;215.4;230;0.2;4;3;0.36;0.01;150;25;0.257;21.7
5;17.5;226.6;230;0.2;4;3;0.36;0.01;150;25;0.24;19.3
5;17.5;235;230;0.2;4;3;0.36;0.01;150;25;0.223;17.3
5;17.5;251.7;230;0.2;4;3;0.36;0.01;150;25;0.237;17.1
5;17.5;237.8;230;0.2;4;3;0.36;0.01;150;25;0.29;22.2
5;17.5;257.3;230;0.2;4;3;0.36;0.01;150;25;0.277;19.6
5;17.5;274.1;230;0.2;4;3;0.36;0.01;150;25;0.29;19.2
5;17.5;254.5;230;0.2;4;3;0.36;0.01;150;25;0.303;21.7
5;17.5;262.9;230;0.2;4;3;0.36;0.01;150;25;0.333;23.1
5;17.5;271.3;230;0.2;4;3;0.36;0.01;150;25;0.337;22.6
5;17.5;282.5;230;0.2;4;3;0.36;0.01;150;25;0.333;21.5
5;17.5;285.3;230;0.2;4;3;0.36;0.01;150;25;0.31;19.8
5;17.5;293.7;230;0.2;4;3;0.36;0.01;150;25;0.317;19.6
5;17.5;299.3;230;0.2;4;3;0.36;0.01;150;25;0.357;21.7
5;17.5;313.3;230;0.2;4;3;0.36;0.01;150;25;0.347;20.1
5;17.5;321.7;230;0.2;4;3;0.36;0.01;150;25;0.317;17.9
5;17.5;330.1;230;0.2;4;3;0.36;0.01;150;25;0.303;16.7
5;17.5;349.7;230;0.2;4;3;0.36;0.01;150;25;0.333;17.3
5;17.5;352.4;230;0.2;4;3;0.36;0.01;150;25;0.363;18.8
5;17.5;335.7;230;0.2;4;3;0.36;0.01;150;25;0.373;20.2
5;17.5;318.9;230;0.2;4;3;0.36;0.01;150;25;0.38;21.7
5;17.5;332.9;230;0.2;4;3;0.36;0.01;150;25;0.383;20.9
5;17.5;321.7;230;0.2;4;3;0.36;0.01;150;25;0.39;22.1
5;17.5;327.3;230;0.2;4;3;0.36;0.01;150;25;0.403;22.4
5;17.5;335.7;230;0.2;4;3;0.36;0.01;150;25;0.41;22.2
5;17.5;349.7;230;0.2;4;3;0.36;0.01;150;25;0.42;21.8
5;17.5;372;230;0.2;4;3;0.36;0.01;150;25;0.473;23.1
5;17.5;377.6;230;0.2;4;3;0.36;0.01;150;25;0.453;21.8
5;17.5;391.6;230;0.2;4;3;0.36;0.01;150;25;0.443;20.6
5;17.5;436.4;230;0.2;4;3;0.36;0.01;150;25;0.413;17.2
5;17.5;405.6;230;0.2;4;3;0.36;0.01;150;25;0.483;21.7
5;17.5;408.4;230;0.2;4;3;0.36;0.01;150;25;0.52;23.2
5;17.5;556.6;230;0.2;4;3;0.36;0.01;150;25;0.54;17.6
4;7.2;65;90;0.17;4;3;0.36;0.01;150;25;0.052;35.3
4;7.2;65;90;0.17;4;3;0.36;0.01;150;25;0.061;41.2
4;7.2;63.3;90;0.17;4;3;0.36;0.01;150;25;0.065;45.3
4;7.2;81.7;90;0.17;4;3;0.36;0.01;150;25;0.065;35.1
4;7.2;81.7;90;0.17;4;3;0.36;0.01;150;25;0.087;46.8
4;7.2;91.7;90;0.17;4;3;0.36;0.01;150;25;0.085;41
4;7.2;93.3;90;0.17;4;3;0.36;0.01;150;25;0.078;36.9
4;7.2;106.7;90;0.17;4;3;0.36;0.01;150;25;0.081;33.5
4;7.2;120;90;0.17;4;3;0.36;0.01;150;25;0.088;32.4
4;7.2;115;90;0.17;4;3;0.36;0.01;150;25;0.094;36
4;7.2;111.7;90;0.17;4;3;0.36;0.01;150;25;0.117;46.3
4;7.2;120;90;0.17;4;3;0.36;0.01;150;25;0.108;39.9
4;7.2;128.3;90;0.17;4;3;0.36;0.01;150;25;0.118;40.7
4;7.2;158.3;90;0.17;4;3;0.36;0.01;150;25;0.121;33.8
5;17.5;155.9;75.7;0.17;4;3.259;0.36;0.01;150;25.6;0.179;20.9
5;17.5;161.8;75.7;0.17;4;3.259;0.36;0.01;150;25.6;0.208;23.3
5;17.5;167.8;75.7;0.17;4;3.259;0.36;0.01;150;25.6;0.198;21.5
5;17.5;233.7;75.7;0.17;4;3.259;0.36;0.01;150;25.6;0.344;26.8
5;17.5;257.7;75.7;0.17;4;3.259;0.36;0.01;150;25.6;0.361;25.5
5;17.5;287.6;75.7;0.17;4;3.259;0.36;0.01;150;25.6;0.365;23.1
5;17.5;259.2;75.7;0.17;4;3.259;0.36;0.01;150;25.6;0.389;27.3
5;17.5;298.1;75.7;0.17;4;3.259;0.36;0.01;150;25.6;0.416;25.4
5;17.5;377.5;75.7;0.17;4;3.259;0.36;0.01;150;25.6;0.523;25.2
5;17.5;182.8;75.7;0.17;4;2.955;0.36;0.01;150;40;0.208;20.7
5;17.5;239.7;75.7;0.17;4;2.955;0.36;0.01;150;40;0.256;19.4
5;17.5;251.7;75.7;0.17;4;2.955;0.36;0.01;150;40;0.272;19.7
5;17.5;262.2;75.7;0.17;4;2.955;0.36;0.01;150;40;0.279;19.4
5;17.5;280.1;75.7;0.17;4;2.955;0.36;0.01;150;40;0.282;18.3
5;17.5;307.1;75.7;0.17;4;2.955;0.36;0.01;150;40;0.291;17.3
5;17.5;349;75.7;0.17;4;2.955;0.36;0.01;150;40;0.361;18.8
5;17.5;368.5;75.7;0.17;4;2.955;0.36;0.01;150;40;0.37;18.3
5;17.5;388;75.7;0.17;4;2.955;0.36;0.01;150;40;0.385;18
5;17.5;456.8;75.7;0.17;4;2.955;0.36;0.01;150;40;0.44;17.5
5;17.5;462.8;75.7;0.17;4;2.955;0.36;0.01;150;40;0.48;18.9
5;17.5;480.8;75.7;0.17;4;2.955;0.36;0.01;150;40;0.518;19.6
5;17.5;212.8;75.7;0.17;4;2.786;0.36;0.01;150;60;0.198;16.9
5;17.5;227.7;75.7;0.17;4;2.786;0.36;0.01;150;60;0.203;16.2
5;17.5;238.2;75.7;0.17;4;2.786;0.36;0.01;150;60;0.198;15.1
5;17.5;263.7;75.7;0.17;4;2.786;0.36;0.01;150;60;0.234;16.1
5;17.5;271.2;75.7;0.17;4;2.786;0.36;0.01;150;60;0.234;15.7
5;17.5;283.1;75.7;0.17;4;2.786;0.36;0.01;150;60;0.253;16.3
5;17.5;286.1;75.7;0.17;4;2.786;0.36;0.01;150;60;0.272;17.3
5;17.5;295.1;75.7;0.17;4;2.786;0.36;0.01;150;60;0.232;14.3
5;17.5;323.6;75.7;0.17;4;2.786;0.36;0.01;150;60;0.248;14
5;17.5;347.5;75.7;0.17;4;2.786;0.36;0.01;150;60;0.294;15.4
5;17.5;370;75.7;0.17;4;2.786;0.36;0.01;150;60;0.318;15.6
5;17.5;380.5;75.7;0.17;4;2.786;0.36;0.01;150;60;0.339;16.2
5;17.5;404.4;75.7;0.17;4;2.786;0.36;0.01;150;60;0.344;15.5
5;17.5;431.4;75.7;0.17;4;2.786;0.36;0.01;150;60;0.339;14.3
5;17.5;455.3;75.7;0.17;4;2.786;0.36;0.01;150;60;0.346;13.8
5;17.5;194.8;75.7;0.17;4;2.185;0.36;0.01;150;80;0.162;15.2
5;17.5;209.8;75.7;0.17;4;2.185;0.36;0.01;150;80;0.162;14.1
5;17.5;253.2;75.7;0.17;4;2.185;0.36;0.01;150;80;0.179;12.9
5;17.5;295.1;75.7;0.17;4;2.185;0.36;0.01;150;80;0.22;13.5
5;17.5;302.6;75.7;0.17;4;2.185;0.36;0.01;150;80;0.205;12.3
5;17.5;310.1;75.7;0.17;4;2.185;0.36;0.01;150;80;0.203;11.9
5;17.5;314.6;75.7;0.17;4;2.185;0.36;0.01;150;80;0.205;11.9
5;17.5;316.1;75.7;0.17;4;2.185;0.36;0.01;150;80;0.236;13.6
5;17.5;326.6;75.7;0.17;4;2.185;0.36;0.01;150;80;0.203;11.3
5;17.5;338.5;75.7;0.17;4;2.185;0.36;0.01;150;80;0.236;12.7
5;17.5;347.5;75.7;0.17;4;2.185;0.36;0.01;150;80;0.232;12.1
5;17.5;356.5;75.7;0.17;4;2.185;0.36;0.01;150;80;0.265;13.5
5;17.5;404.4;75.7;0.17;4;2.185;0.36;0.01;150;80;0.222;10
5;17.5;417.9;75.7;0.17;4;2.185;0.36;0.01;150;80;0.217;9.5
5;17.5;425.4;75.7;0.17;4;2.185;0.36;0.01;150;80;0.291;12.5
5;17.5;426.9;75.7;0.17;4;2.185;0.36;0.01;150;80;0.239;10.2
5;17.5;431.4;75.7;0.17;4;2.185;0.36;0.01;150;80;0.253;10.7
5;17.5;453.8;75.7;0.17;4;2.185;0.36;0.01;150;80;0.246;9.9
5;17.5;456.8;75.7;0.17;4;2.185;0.36;0.01;150;80;0.299;11.9
5;17.5;459.8;75.7;0.17;4;2.185;0.36;0.01;150;80;0.267;10.6
5;17.5;462.8;75.7;0.17;4;2.185;0.36;0.01;150;80;0.294;11.5
5;17.5;470.3;75.7;0.17;4;2.185;0.36;0.01;150;80;0.265;10.3
5;17.5;510.7;75.7;0.17;4;2.185;0.36;0.01;150;80;0.327;11.7
5;17.5;513.7;75.7;0.17;4;2.185;0.36;0.01;150;80;0.308;10.9
5;17.5;170.8;75.7;0.17;4;1.731;0.36;0.01;150;100;0.129;13.7
5;17.5;212.8;75.7;0.17;4;1.731;0.36;0.01;150;100;0.141;12
5;17.5;286.1;75.7;0.17;4;1.731;0.36;0.01;150;100;0.148;9.4
5;17.5;304.1;75.7;0.17;4;1.731;0.36;0.01;150;100;0.148;8.9
5;17.5;305.6;75.7;0.17;4;1.731;0.36;0.01;150;100;0.138;8.2
5;17.5;356.5;75.7;0.17;4;1.731;0.36;0.01;150;100;0.189;9.6
5;17.5;391;75.7;0.17;4;1.731;0.36;0.01;150;100;0.198;9.2
5;17.5;405.9;75.7;0.17;4;1.731;0.36;0.01;150;100;0.181;8.1
5;17.5;449.3;75.7;0.17;4;1.731;0.36;0.01;150;100;0.179;7.2
5;17.5;465.8;75.7;0.17;4;1.731;0.36;0.01;150;100;0.215;8.4
5;17.5;480.8;75.7;0.17;4;1.731;0.36;0.01;150;100;0.181;6.9
5;17.5;512.2;75.7;0.17;4;1.731;0.36;0.01;150;100;0.189;6.7
5;17.5;533.2;75.7;0.17;4;1.731;0.36;0.01;150;100;0.234;8
5;17.5;537.7;75.7;0.17;4;1.731;0.36;0.01;150;100;0.198;6.7
5;17.5;587.1;75.7;0.17;4;1.731;0.36;0.01;150;100;0.244;7.5
5;17.5;124.4;75.7;0.17;4;1.731;0.36;0.01;150;120;0.081;11.9
5;17.5;139.4;75.7;0.17;4;1.731;0.36;0.01;150;120;0.081;10.6
5;17.5;157.4;75.7;0.17;4;1.731;0.36;0.01;150;120;0.1;11.6
5;17.5;197.8;75.7;0.17;4;1.731;0.36;0.01;150;120;0.098;9
5;17.5;340;75.7;0.17;4;1.731;0.36;0.01;150;120;0.141;7.5
5;17.5;370;75.7;0.17;4;1.731;0.36;0.01;150;120;0.11;5.4
5;17.5;402.9;75.7;0.17;4;1.731;0.36;0.01;150;120;0.091;4.1
5;17.5;423.9;75.7;0.17;4;1.731;0.36;0.01;150;120;0.138;5.9
5;17.5;438.9;75.7;0.17;4;1.731;0.36;0.01;150;120;0.11;4.5
6;5;24.5;294;0.2;5;3.5;0.31;0.0017;105;25;0.025;64.5
6;5;27.9;294;0.2;5;3.5;0.31;0.0017;105;25;0.033;74.7
6;5;29.9;294;0.2;5;3.5;0.31;0.0017;105;25;0.044;94.4
6;5;33.2;294;0.2;5;3.5;0.31;0.0017;105;25;0.041;78.1
6;5;35.1;294;0.2;5;3.5;0.31;0.0017;105;25;0.047;85.8
6;5;35.1;294;0.2;5;3.5;0.31;0.0017;105;25;0.052;95.1
6;5;35.2;294;0.2;5;3.5;0.31;0.0017;105;25;0.06;108.7
6;5;36;294;0.2;5;3.5;0.31;0.0017;105;25;0.049;87.5
6;5;37;294;0.2;5;3.5;0.31;0.0017;105;25;0.055;94.8
6;5;37.4;294;0.2;5;3.5;0.31;0.0017;105;25;0.049;82.7
6;5;40.1;294;0.2;5;3.5;0.31;0.0017;105;25;0.064;101.6
6;5;43.4;294;0.2;5;3.5;0.31;0.0017;105;25;0.066;97.4
6;5;44.2;294;0.2;5;3.5;0.31;0.0017;105;25;0.073;105.1
6;5;44.7;294;0.2;5;3.5;0.31;0.0017;105;25;0.072;102.4
6;5;45.8;294;0.2;5;3.5;0.31;0.0017;105;25;0.066;91.9
6;5;45.7;294;0.2;5;3.5;0.31;0.0017;105;25;0.076;105.7
6;5;68.8;294;0.2;5;3.5;0.31;0.0017;105;25;0.093;86.4
6;5;69.8;294;0.2;5;3.5;0.31;0.0017;105;25;0.098;89.4
6;5;71.3;294;0.2;5;3.5;0.31;0.0017;105;25;0.115;103
6;5;73;294;0.2;5;3.5;0.31;0.0017;105;25;0.123;107.2
7;7.5;52.3;230;0.3;6;3.86;0.31;0.0017;120;25;0.034;27.9
7;7.5;54;230;0.3;6;3.86;0.31;0.0017;120;25;0.066;51.7
7;7.5;55.7;230;0.3;6;3.86;0.31;0.0017;120;25;0.038;29
7;7.5;56.8;230;0.3;6;3.86;0.31;0.0017;120;25;0.034;25.7
7;7.5;58.5;230;0.3;6;3.86;0.31;0.0017;120;25;0.032;23.1
7;7.5;59.6;230;0.3;6;3.86;0.31;0.0017;120;25;0.035;25
7;7.5;64.2;230;0.3;6;3.86;0.31;0.0017;120;25;0.037;24.7
7;7.5;65.3;230;0.3;6;3.86;0.31;0.0017;120;25;0.034;22.1
7;7.5;68.1;230;0.3;6;3.86;0.31;0.0017;120;25;0.043;26.6
7;7.5;68.1;230;0.3;6;3.86;0.31;0.0017;120;25;0.059;37.1
7;7.5;69.8;230;0.3;6;3.86;0.31;0.0017;120;25;0.068;41.2
7;7.5;74.1;230;0.3;6;3.86;0.31;0.0017;120;25;0.052;29.8
7;7.5;76.9;230;0.3;6;3.86;0.31;0.0017;120;25;0.062;34.2
7;7.5;80;230;0.3;6;3.86;0.31;0.0017;120;25;0.084;44.4
7;7.5;85.7;230;0.3;6;3.86;0.31;0.0017;120;25;0.074;36.5
7;7.5;85.7;230;0.3;6;3.86;0.31;0.0017;120;25;0.077;38
7;7.5;97;230;0.3;6;3.86;0.31;0.0017;120;25;0.095;41.8
7;7.5;102.6;230;0.3;6;3.86;0.31;0.0017;120;25;0.104;43.1
7;7.5;142.8;230;0.3;6;3.86;0.31;0.0017;120;25;0.152;45.1
8;7;80;233;0.2;7;3.96;0.37;0.0333;135;25;0.069;39.3
8;7;80;233;0.2;7;3.068;0.37;0.0333;135;60;0.052;29.3
8;7;80;233;0.2;7;2.51;0.37;0.0333;135;90;0.054;30.5
;7;80;233;0.2;7;1.59;0.37;0.0333;135;120;0.021;12.2
;10;561;70;0.22;8;3.2;0.35;0.08;27;25;0.159;9
;10;731;70;0.22;8;3.2;0.35;0.08;27;25;0.241;10.5
;10;687;70;0.22;8;3.2;0.35;0.08;27;25;0.216;10
8;10;786;70;0.22;8;3.2;0.35;0.08;27;25;0.272;11
9;10;524;70;0.22;8;3.2;0.35;0.08;27;25;0.181;11
9;12;127;3.39;0.37;9;3.29;0.31;0.0167;26;25;0.005;9.4
9;12;127.9;3.39;0.37;9;3.29;0.31;0.0167;26;25;0.005;7.5
9;12;129.4;3.39;0.37;9;3.29;0.31;0.0167;26;25;0.005;9
9;12;129.8;3.39;0.37;9;3.29;0.31;0.0167;26;25;0.005;8.5
10;12;131.3;3.39;0.37;9;3.29;0.31;0.0167;26;25;0.005;8
10;12;135.8;3.39;0.37;9;3.29;0.31;0.0167;26;25;0.005;8.5
10;12;136;3.39;0.37;9;3.29;0.31;0.0167;26;25;0.005;9.2
10;12;138.4;3.39;0.37;9;3.29;0.31;0.0167;26;25;0.005;9.7
10;12;139.6;3.39;0.37;9;3.29;0.31;0.0167;26;25;0.005;8
10;12;142.7;3.39;0.37;9;3.29;0.31;0.0167;26;25;0.005;8
10;12;143.9;3.39;0.37;9;3.29;0.31;0.0167;26;25;0.005;8.8
10;12;145.4;3.39;0.37;9;3.29;0.31;0.0167;26;25;0.005;8.8
10;12;146.3;3.39;0.37;9;3.29;0.31;0.0167;26;25;0.006;9
10;12;146.3;3.39;0.37;9;3.29;0.31;0.0167;26;25;0.006;7.5
10;12;149.9;3.39;0.37;9;3.29;0.31;0.0167;26;25;0.006;7.3
10;12;152.3;3.39;0.37;9;3.29;0.31;0.0167;26;25;0.006;8.3
10;12;152.1;3.39;0.37;9;3.29;0.31;0.0167;26;25;0.006;8.5
10;12;154.2;3.39;0.37;9;3.29;0.31;0.0167;26;25;0.006;8.5
10;12;157.6;3.39;0.37;9;3.29;0.31;0.0167;26;25;0.006;7.9
10;12;159.7;3.39;0.37;9;3.29;0.31;0.0167;26;25;0.006;9.3
10;12;160.9;3.39;0.37;9;3.29;0.31;0.0167;26;25;0.006;8
10;12;162.8;3.39;0.37;9;3.29;0.31;0.0167;26;25;0.006;7.7
10;12;164.7;3.39;0.37;9;3.29;0.31;0.0167;26;25;0.006;7.3
10;12;167.8;3.39;0.37;9;3.29;0.31;0.0167;26;25;0.006;8.8
10;12;170;3.39;0.37;9;3.29;0.31;0.0167;26;25;0.006;8.8
10;12;170.5;3.39;0.37;9;3.29;0.31;0.0167;26;25;0.006;8.6
10;12;171.4;3.39;0.37;9;3.29;0.31;0.0167;26;25;0.006;8
10;12;174;3.39;0.37;9;3.29;0.31;0.0167;26;25;0.007;8.8
10;12;173.3;3.39;0.37;9;3.29;0.31;0.0167;26;25;0.007;9.4
10;12;175.2;3.39;0.37;9;3.29;0.31;0.0167;26;25;0.007;8.1
10;12;177.6;3.39;0.37;9;3.29;0.31;0.0167;26;25;0.007;7.7
10;12;178.6;3.39;0.37;9;3.29;0.31;0.0167;26;25;0.007;8.5
10;12;180.3;3.39;0.37;9;3.29;0.31;0.0167;26;25;0.007;9.4
10;12;182.9;3.39;0.37;9;3.29;0.31;0.0167;26;25;0.007;8
10;12;183.8;3.39;0.37;9;3.29;0.31;0.0167;26;25;0.007;7.7
10;12;184.8;3.39;0.37;9;3.29;0.31;0.0167;26;25;0.007;8.2
10;12;189.3;3.39;0.37;9;3.29;0.31;0.0167;26;25;0.007;8
10;12;190.1;3.39;0.37;9;3.29;0.31;0.0167;26;25;0.007;7.6
10;12;192;3.39;0.37;9;3.29;0.31;0.0167;26;25;0.007;8.7
10;12;194.4;3.39;0.37;9;3.29;0.31;0.0167;26;25;0.007;7.6
10;12;195.8;3.39;0.37;9;3.29;0.31;0.0167;26;25;0.007;8.5
10;12;201.5;3.39;0.37;9;3.29;0.31;0.0167;26;25;0.008;7.8
10;12;204.9;3.39;0.37;9;3.29;0.31;0.0167;26;25;0.008;8.1
10;12;206.3;3.39;0.37;9;3.29;0.31;0.0167;26;25;0.008;8.5
10;12;209.9;3.39;0.37;9;3.29;0.31;0.0167;26;25;0.008;8
10;12;211.1;3.39;0.37;9;3.29;0.31;0.0167;26;25;0.008;7.8
10;12;217.1;3.39;0.37;9;3.29;0.31;0.0167;26;25;0.008;7.7
10;160;1542.7;3.39;0.37;9;3.29;0.31;0.0167;26;25;0.775;4.5
10;160;1552.3;3.39;0.37;9;3.29;0.31;0.0167;26;25;0.78;4.2
10;160;1556.7;3.39;0.37;9;3.29;0.31;0.0167;26;25;0.782;4.5
10;160;1572.9;3.39;0.37;9;3.29;0.31;0.0167;26;25;0.791;4
10;160;1583.2;3.39;0.37;9;3.29;0.31;0.0167;26;25;0.796;4.1
10;160;1593.6;3.39;0.37;9;3.29;0.31;0.0167;26;25;0.801;3.6
10;160;1603.1;3.39;0.37;9;3.29;0.31;0.0167;26;25;0.806;3.6
10;160;1603.1;3.39;0.37;9;3.29;0.31;0.0167;26;25;0.806;4.9
10;160;1603.9;3.39;0.37;9;3.29;0.31;0.0167;26;25;0.806;4.4
10;160;1620.1;3.39;0.37;9;3.29;0.31;0.0167;26;25;0.814;4.3
10;160;1634.1;3.39;0.37;9;3.29;0.31;0.0167;26;25;0.821;4.8
10;160;1645.1;3.39;0.37;9;3.29;0.31;0.0167;26;25;0.827;4.5
10;160;1645.9;3.39;0.37;9;3.29;0.31;0.0167;26;25;0.827;3.8
10;160;1651;3.39;0.37;9;3.29;0.31;0.0167;26;25;0.83;4
10;160;1656.2;3.39;0.37;9;3.29;0.31;0.0167;26;25;0.832;4.1
10;160;1654;3.39;0.37;9;3.29;0.31;0.0167;26;25;0.831;4.3
10;160;1665.7;3.39;0.37;9;3.29;0.31;0.0167;26;25;0.837;4.4
10;160;1671.6;3.39;0.37;9;3.29;0.31;0.0167;26;25;0.84;4.6
10;160;1670.9;3.39;0.37;9;3.29;0.31;0.0167;26;25;0.84;4.1
10;160;1674.6;3.39;0.37;9;3.29;0.31;0.0167;26;25;0.842;3.9
10;160;1682.7;3.39;0.37;9;3.29;0.31;0.0167;26;25;0.846;4.3
10;160;1680.5;3.39;0.37;9;3.29;0.31;0.0167;26;25;0.845;4.2
10;160;1690.8;3.39;0.37;9;3.29;0.31;0.0167;26;25;0.85;4.7
10;160;1691.5;3.39;0.37;9;3.29;0.31;0.0167;26;25;0.85;3.9
10;160;1701.1;3.39;0.37;9;3.29;0.31;0.0167;26;25;0.855;4
10;160;1711.4;3.39;0.37;9;3.29;0.31;0.0167;26;25;0.86;4
10;160;1710.7;3.39;0.37;9;3.29;0.31;0.0167;26;25;0.86;4.4
10;160;1711.4;3.39;0.37;9;3.29;0.31;0.0167;26;25;0.86;3.4
10;160;1721.7;3.39;0.37;9;3.29;0.31;0.0167;26;25;0.865;3.8
10;160;1749.7;3.39;0.37;9;3.29;0.31;0.0167;26;25;0.88;3.6
10;160;1748.3;3.39;0.37;9;3.29;0.31;0.0167;26;25;0.879;3.8
10;160;1744.6;3.39;0.37;9;3.29;0.31;0.0167;26;25;0.877;3.7
10;160;1749;3.39;0.37;9;3.29;0.31;0.0167;26;25;0.879;4.1
10;160;1777;3.39;0.37;9;3.29;0.31;0.0167;26;25;0.893;4
10;160;1774;3.39;0.37;9;3.29;0.31;0.0167;26;25;0.892;4.1
10;160;1779.9;3.39;0.37;9;3.29;0.31;0.0167;26;25;0.895;3.6
10;160;1799.8;3.39;0.37;9;3.29;0.31;0.0167;26;25;0.905;4.2
10;160;1804.2;3.39;0.37;9;3.29;0.31;0.0167;26;25;0.907;4.6
10;160;1810.9;3.39;0.37;9;3.29;0.31;0.0167;26;25;0.91;4
10;160;1820.4;3.39;0.37;9;3.29;0.31;0.0167;26;25;0.915;4.1
10;160;1820.4;3.39;0.37;9;3.29;0.31;0.0167;26;25;0.915;3.9
10;160;1833;3.39;0.37;9;3.29;0.31;0.0167;26;25;0.921;4.1
10;160;1825.6;3.39;0.37;9;3.29;0.31;0.0167;26;25;0.918;3.5
10;160;1851.4;3.39;0.37;9;3.29;0.31;0.0167;26;25;0.931;4.5
10;160;1853.6;3.39;0.37;9;3.29;0.31;0.0167;26;25;0.932;4
10;160;1855.1;3.39;0.37;9;3.29;0.31;0.0167;26;25;0.932;3.7
10;200;1504.5;3.39;0.37;9;3.29;0.31;0.0167;26;25;0.945;3.5
10;200;1513;3.39;0.37;9;3.29;0.31;0.0167;26;25;0.951;3.5
10;200;1522.4;3.39;0.37;9;3.29;0.31;0.0167;26;25;0.957;3.2
10;200;1524;3.39;0.37;9;3.29;0.31;0.0167;26;25;0.958;3.7
10;200;1545.1;3.39;0.37;9;3.29;0.31;0.0167;26;25;0.971;3.8
10;200;1549;3.39;0.37;9;3.29;0.31;0.0167;26;25;0.973;3.5
10;200;1552.8;3.39;0.37;9;3.29;0.31;0.0167;26;25;0.976;3
10;200;1560.7;3.39;0.37;9;3.29;0.31;0.0167;26;25;0.981;3.2
10;200;1565.4;3.39;0.37;9;3.29;0.31;0.0167;26;25;0.984;3.6
10;200;1571.7;3.39;0.37;9;3.29;0.31;0.0167;26;25;0.988;3.7
10;200;1571.6;3.39;0.37;9;3.29;0.31;0.0167;26;25;0.987;3.5
10;200;1580.2;3.39;0.37;9;3.29;0.31;0.0167;26;25;0.993;3.3
10;200;1602.1;3.39;0.37;9;3.29;0.31;0.0167;26;25;1.007;3.7
10;200;1611.5;3.39;0.37;9;3.29;0.31;0.0167;26;25;1.013;3.9
10;200;1615.3;3.39;0.37;9;3.29;0.31;0.0167;26;25;1.015;3
10;200;1621.6;3.39;0.37;9;3.29;0.31;0.0167;26;25;1.019;3.3
10;200;1624.7;3.39;0.37;9;3.29;0.31;0.0167;26;25;1.021;3.1
10;200;1643.5;3.39;0.37;9;3.29;0.31;0.0167;26;25;1.033;3.2
10;200;1643.5;3.39;0.37;9;3.29;0.31;0.0167;26;25;1.033;3.3
10;200;1655.2;3.39;0.37;9;3.29;0.31;0.0167;26;25;1.04;3.2
10;200;1654.4;3.39;0.37;9;3.29;0.31;0.0167;26;25;1.039;3
10;200;1667.7;3.39;0.37;9;3.29;0.31;0.0167;26;25;1.048;3.2
10;200;1688;3.39;0.37;9;3.29;0.31;0.0167;26;25;1.061;3.4
10;200;1688;3.39;0.37;9;3.29;0.31;0.0167;26;25;1.061;3
10;200;1691.9;3.39;0.37;9;3.29;0.31;0.0167;26;25;1.063;3
10;200;1692.6;3.39;0.37;9;3.29;0.31;0.0167;26;25;1.064;2.8
10;200;1704.4;3.39;0.37;9;3.29;0.31;0.0167;26;25;1.071;3.3
10;200;1703.6;3.39;0.37;9;3.29;0.31;0.0167;26;25;1.07;3.2
10;200;1727.8;3.39;0.37;9;3.29;0.31;0.0167;26;25;1.086;3.1
10;200;1726.4;3.39;0.37;9;3.29;0.31;0.0167;26;25;1.085;3.7
10;200;1733.4;3.39;0.37;9;3.29;0.31;0.0167;26;25;1.089;3.6
10;200;1733.3;3.39;0.37;9;3.29;0.31;0.0167;26;25;1.089;3.4
10;200;1742.7;3.39;0.37;9;3.29;0.31;0.0167;26;25;1.095;3.3
10;200;1746.7;3.39;0.37;9;3.29;0.31;0.0167;26;25;1.097;3.6
10;200;1751.3;3.39;0.37;9;3.29;0.31;0.0167;26;25;1.1;3.3
10;200;1759.9;3.39;0.37;9;3.29;0.31;0.0167;26;25;1.106;3.5
10;200;1764.6;3.39;0.37;9;3.29;0.31;0.0167;26;25;1.109;3.4
10;200;1766.1;3.39;0.37;9;3.29;0.31;0.0167;26;25;1.11;3.1
10;200;1771.6;3.39;0.37;9;3.29;0.31;0.0167;26;25;1.113;3.1
10;200;1775.5;3.39;0.37;9;3.29;0.31;0.0167;26;25;1.116;3.3
10;200;1790.4;3.39;0.37;9;3.29;0.31;0.0167;26;25;1.125;3.3
10;200;1789.5;3.39;0.37;9;3.29;0.31;0.0167;26;25;1.124;2.9
10;200;1795.8;3.39;0.37;9;3.29;0.31;0.0167;26;25;1.128;3.3
10;200;1811.5;3.39;0.37;9;3.29;0.31;0.0167;26;25;1.138;3.3
10;200;1817.7;3.39;0.37;9;3.29;0.31;0.0167;26;25;1.142;3.3
10;200;1809.9;3.39;0.37;9;3.29;0.31;0.0167;26;25;1.137;3.2
10;200;1816.9;3.39;0.37;9;3.29;0.31;0.0167;26;25;1.142;3
10;200;1820;3.39;0.37;9;3.29;0.31;0.0167;26;25;1.144;3.2
10;200;1827;3.39;0.37;9;3.29;0.31;0.0167;26;25;1.148;3
10;300;1604.7;3.39;0.37;9;3.29;0.31;0.0167;26;25;1.512;3
10;300;1608.7;3.39;0.37;9;3.29;0.31;0.0167;26;25;1.516;3.3
10;300;1617.9;3.39;0.37;9;3.29;0.31;0.0167;26;25;1.525;3.3
10;300;1627;3.39;0.37;9;3.29;0.31;0.0167;26;25;1.533;2.9
10;300;1634.1;3.39;0.37;9;3.29;0.31;0.0167;26;25;1.54;3
10;300;1634.1;3.39;0.37;9;3.29;0.31;0.0167;26;25;1.54;3.2
10;300;1667.5;3.39;0.37;9;3.29;0.31;0.0167;26;25;1.572;3
10;300;1683.7;3.39;0.37;9;3.29;0.31;0.0167;26;25;1.587;3.1
10;300;1709;3.39;0.37;9;3.29;0.31;0.0167;26;25;1.611;2.8
10;300;1708;3.39;0.37;9;3.29;0.31;0.0167;26;25;1.61;3.1
10;300;1714.1;3.39;0.37;9;3.29;0.31;0.0167;26;25;1.615;3.2
10;300;1726.2;3.39;0.37;9;3.29;0.31;0.0167;26;25;1.627;3
10;300;1731.3;3.39;0.37;9;3.29;0.31;0.0167;26;25;1.632;3
10;300;1747.5;3.39;0.37;9;3.29;0.31;0.0167;26;25;1.647;2.8
10;300;1757.6;3.39;0.37;9;3.29;0.31;0.0167;26;25;1.657;2.7
10;300;1759.7;3.39;0.37;9;3.29;0.31;0.0167;26;25;1.658;3.2
10;300;1769.8;3.39;0.37;9;3.29;0.31;0.0167;26;25;1.668;3.1
10;300;1778.9;3.39;0.37;9;3.29;0.31;0.0167;26;25;1.677;2.8
10;300;1782;3.39;0.37;9;3.29;0.31;0.0167;26;25;1.679;3.3
10;300;1797.1;3.39;0.37;9;3.29;0.31;0.0167;26;25;1.694;3
10;300;1805.2;3.39;0.37;9;3.29;0.31;0.0167;26;25;1.701;3
10;300;1806.3;3.39;0.37;9;3.29;0.31;0.0167;26;25;1.702;3.4
10;300;1824.5;3.39;0.37;9;3.29;0.31;0.0167;26;25;1.72;3.1
10;300;1826.5;3.39;0.37;9;3.29;0.31;0.0167;26;25;1.721;3.2
10;300;1847.8;3.39;0.37;9;3.29;0.31;0.0167;26;25;1.742;3.2
10;300;1830.6;3.39;0.37;9;3.29;0.31;0.0167;26;25;1.725;2.6
10;300;1834.6;3.39;0.37;9;3.29;0.31;0.0167;26;25;1.729;2.7
10;300;1846.8;3.39;0.37;9;3.29;0.31;0.0167;26;25;1.741;2.4
10;300;1848.8;3.39;0.37;9;3.29;0.31;0.0167;26;25;1.742;2.9
10;300;1856.9;3.39;0.37;9;3.29;0.31;0.0167;26;25;1.75;2.9
10;300;1867;3.39;0.37;9;3.29;0.31;0.0167;26;25;1.76;3.1
10;300;1869.1;3.39;0.37;9;3.29;0.31;0.0167;26;25;1.762;2.5
10;300;1881.2;3.39;0.37;9;3.29;0.31;0.0167;26;25;1.773;3
10;300;1891.3;3.39;0.37;9;3.29;0.31;0.0167;26;25;1.783;2.8
10;300;1915.7;3.39;0.37;9;3.29;0.31;0.0167;26;25;1.805;3.3
10;300;1921.7;3.39;0.37;9;3.29;0.31;0.0167;26;25;1.811;2.6
10;300;1922.7;3.39;0.37;9;3.29;0.31;0.0167;26;25;1.812;2.9
10;300;1929.8;3.39;0.37;9;3.29;0.31;0.0167;26;25;1.819;2.9
10;300;1930.8;3.39;0.37;9;3.29;0.31;0.0167;26;25;1.82;3
10;300;1940;3.39;0.37;9;3.29;0.31;0.0167;26;25;1.828;3.3
10;300;1955.2;3.39;0.37;9;3.29;0.31;0.0167;26;25;1.843;2.7
10;300;1974.4;3.39;0.37;9;3.29;0.31;0.0167;26;25;1.861;2.5
10;300;1979.5;3.39;0.37;9;3.29;0.31;0.0167;26;25;1.866;2.3
10;300;1988.6;3.39;0.37;9;3.29;0.31;0.0167;26;25;1.874;2.6
10;300;1990.6;3.39;0.37;9;3.29;0.31;0.0167;26;25;1.876;2.9
10;300;2002.8;3.39;0.37;9;3.29;0.31;0.0167;26;25;1.888;3
10;300;2003.8;3.39;0.37;9;3.29;0.31;0.0167;26;25;1.889;2.8
10;300;2008.8;3.39;0.37;9;3.29;0.31;0.0167;26;25;1.893;2.9
10;300;2004.8;3.39;0.37;9;3.29;0.31;0.0167;26;25;1.889;3.5
10;300;2018;3.39;0.37;9;3.29;0.31;0.0167;26;25;1.902;3.1
10;300;2011.9;3.39;0.37;9;3.29;0.31;0.0167;26;25;1.896;2.3
10;7.15;41.8;230;0.26;10;1.2;0.35;0.0017;20;25;0.006;6.4
10;7.15;44.8;230;0.26;10;1.2;0.35;0.0017;20;25;0.006;6
10;7.15;47;230;0.26;10;1.2;0.35;0.0017;20;25;0.009;8.6
10;7.15;50;230;0.26;10;1.2;0.35;0.0017;20;25;0.009;8
3;7.15;51.8;230;0.26;10;1.2;0.35;0.0017;20;25;0.01;8.6
3;7.15;52.9;230;0.26;10;1.2;0.35;0.0017;20;25;0.01;8.4
3;7.15;52.9;230;0.26;10;1.2;0.35;0.0017;20;25;0.012;10.1
3;7.15;54.9;230;0.26;10;1.2;0.35;0.0017;20;25;0.009;7.3
3;7.15;57.8;230;0.26;10;1.2;0.35;0.0017;20;25;0.014;10.8
3;7.15;63.9;230;0.26;10;1.2;0.35;0.0017;20;25;0.011;7.6
3;7.15;69.9;230;0.26;10;1.2;0.35;0.0017;20;25;0.014;8.9
3;7.15;71.9;230;0.26;10;1.2;0.35;0.0017;20;25;0.013;8.1
3;7.15;72.9;230;0.26;10;1.2;0.35;0.0017;20;25;0.01;6.1
3;7.15;78;230;0.26;10;1.2;0.35;0.0017;20;25;0.014;8
3;7.15;80;230;0.26;10;1.2;0.35;0.0017;20;25;0.017;9.5
3;7.15;82;230;0.26;10;1.2;0.35;0.0017;20;25;0.019;10.3
3;7.15;84.8;230;0.26;10;1.2;0.35;0.0017;20;25;0.016;8.4
3;7.15;89.8;230;0.26;10;1.2;0.35;0.0017;20;25;0.017;8.4
3;7.15;97.9;230;0.26;10;1.2;0.35;0.0017;20;25;0.02;9.1
3;7.15;101.9;230;0.26;10;1.2;0.35;0.0017;20;25;0.021;9.2
3;7.15;114.9;230;0.26;10;1.2;0.35;0.0017;20;25;0.023;8.9
3;7.15;31.9;230;0.26;10;1.2;0.35;0.0017;70;25;0.011;15.4
3;7.15;40;230;0.26;10;1.2;0.35;0.0017;70;25;0.015;16.7
3;7.15;41.9;230;0.26;10;1.2;0.35;0.0017;70;25;0.015;15.9
3;7.15;45.1;230;0.26;10;1.2;0.35;0.0017;70;25;0.017;16.8
3;7.15;49.1;230;0.26;10;1.2;0.35;0.0017;70;25;0.016;14.5
3;7.15;50;230;0.26;10;1.2;0.35;0.0017;70;25;0.021;18.7
3;7.15;50.9;230;0.26;10;1.2;0.35;0.0017;70;25;0.022;19.2
3;7.15;57.9;230;0.26;10;1.2;0.35;0.0017;70;25;0.02;15.4
3;7.15;60;230;0.26;10;1.2;0.35;0.0017;70;25;0.023;17.1
3;7.15;67.9;230;0.26;10;1.2;0.35;0.0017;70;25;0.02;13.1
3;7.15;71.9;230;0.26;10;1.2;0.35;0.0017;70;25;0.018;11.2
3;7.15;74;230;0.26;10;1.2;0.35;0.0017;70;25;0.025;15.1
3;7.15;76.8;230;0.26;10;1.2;0.35;0.0017;70;25;0.031;18
3;7.15;78.9;230;0.26;10;1.2;0.35;0.0017;70;25;0.025;14.1
3;7.15;80.9;230;0.26;10;1.2;0.35;0.0017;70;25;0.021;11.6
3;7.15;80.9;230;0.26;10;1.2;0.35;0.0017;70;25;0.03;16.5
3;7.15;87;230;0.26;10;1.2;0.35;0.0017;70;25;0.028;14.3
3;7.15;92.1;230;0.26;10;1.2;0.35;0.0017;70;25;0.029;14
3;7.15;103;230;0.26;10;1.2;0.35;0.0017;70;25;0.029;12.6
3;7.15;127;230;0.26;10;1.2;0.35;0.0017;70;25;0.037;13
3;7.15;40.9;230;0.26;10;1.2;0.35;0.0017;210;25;0.017;18.5
3;7.15;43.1;230;0.26;10;1.2;0.35;0.0017;210;25;0.017;17.6
3;7.15;43.9;230;0.26;10;1.2;0.35;0.0017;210;25;0.019;19.2
3;7.15;48;230;0.26;10;1.2;0.35;0.0017;210;25;0.022;20.5
3;7.15;51;230;0.26;10;1.2;0.35;0.0017;210;25;0.029;25.3
3;7.15;52;230;0.26;10;1.2;0.35;0.0017;210;25;0.035;30
3;7.15;53.9;230;0.26;10;1.2;0.35;0.0017;210;25;0.027;22.3
3;7.15;56;230;0.26;10;1.2;0.35;0.0017;210;25;0.031;24.7
3;7.15;63.1;230;0.26;10;1.2;0.35;0.0017;210;25;0.031;21.9
3;7.15;66.9;230;0.26;10;1.2;0.35;0.0017;210;25;0.04;26.6
3;7.15;68;230;0.26;10;1.2;0.35;0.0017;210;25;0.033;21.7
3;7.15;69;230;0.26;10;1.2;0.35;0.0017;210;25;0.038;24.6
3;7.15;69.9;230;0.26;10;1.2;0.35;0.0017;210;25;0.035;22.2
3;7.15;76;230;0.26;10;1.2;0.35;0.0017;210;25;0.042;24.6
3;7.15;83;230;0.26;10;1.2;0.35;0.0017;210;25;0.043;23.1
3;7.15;89;230;0.26;10;1.2;0.35;0.0017;210;25;0.051;25.5
3;7.15;89.9;230;0.26;10;1.2;0.35;0.0017;210;25;0.042;20.8
3;7.15;89.9;230;0.26;10;1.2;0.35;0.0017;210;25;0.049;24.2
3;7.15;90.9;230;0.26;10;1.2;0.35;0.0017;210;25;0.047;23
3;7.15;98;230;0.26;10;1.2;0.35;0.0017;210;25;0.048;21.8
3;7.15;27.1;230;0.26;10;1.2;0.35;0.0017;270;25;0.026;42.8
3;7.15;43;230;0.26;10;1.2;0.35;0.0017;270;25;0.039;40.4
3;7.15;44;230;0.26;10;1.2;0.35;0.0017;270;25;0.032;32.4
3;7.15;46;230;0.26;10;1.2;0.35;0.0017;270;25;0.035;33.9
3;7.15;46;230;0.26;10;1.2;0.35;0.0017;270;25;0.034;32.9
3;7.15;53.9;230;0.26;10;1.2;0.35;0.0017;270;25;0.044;36.3
3;7.15;57.9;230;0.26;10;1.2;0.35;0.0017;270;25;0.053;40.8
3;7.15;61.9;230;0.26;10;1.2;0.35;0.0017;270;25;0.053;38.1
3;7.15;67.1;230;0.26;10;1.2;0.35;0.0017;270;25;0.057;37.9
3;7.15;70;230;0.26;10;1.2;0.35;0.0017;270;25;0.065;41.4
3;7.15;72;230;0.26;10;1.2;0.35;0.0017;270;25;0.055;34
3;7.15;73;230;0.26;10;1.2;0.35;0.0017;270;25;0.055;33.5
3;7.15;73;230;0.26;10;1.2;0.35;0.0017;270;25;0.057;34.8
3;7.15;73.9;230;0.26;10;1.2;0.35;0.0017;270;25;0.064;38.7
3;7.15;76;230;0.26;10;1.2;0.35;0.0017;270;25;0.056;32.8
3;7.15;76;230;0.26;10;1.2;0.35;0.0017;270;25;0.054;31.6
3;7.15;84;230;0.26;10;1.2;0.35;0.0017;270;25;0.061;32.4
3;7.15;88;230;0.26;10;1.2;0.35;0.0017;270;25;0.061;30.9
3;7.15;88.9;230;0.26;10;1.2;0.35;0.0017;270;25;0.057;28.6
3;7.15;91;230;0.26;10;1.2;0.35;0.0017;270;25;0.073;35.8
3;7.15;35;230;0.26;10;1.2;0.35;0.0017;370;25;0.032;40.7
3;7.15;35;230;0.26;10;1.2;0.35;0.0017;370;25;0.033;42
3;7.15;36;230;0.26;10;1.2;0.35;0.0017;370;25;0.032;39.6
3;7.15;36;230;0.26;10;1.2;0.35;0.0017;370;25;0.035;43.3
3;7.15;37;230;0.26;10;1.2;0.35;0.0017;370;25;0.033;39.7
3;7.15;38;230;0.26;10;1.2;0.35;0.0017;370;25;0.038;44.5
3;7.15;38;230;0.26;10;1.2;0.35;0.0017;370;25;0.039;45.7
3;7.15;39;230;0.26;10;1.2;0.35;0.0017;370;25;0.038;43.4
3;7.15;39;230;0.26;10;1.2;0.35;0.0017;370;25;0.04;45.7
3;7.15;40;230;0.26;10;1.2;0.35;0.0017;370;25;0.037;41.2
3;7.15;40;230;0.26;10;1.2;0.35;0.0017;370;25;0.039;43.4
3;7.15;41;230;0.26;10;1.2;0.35;0.0017;370;25;0.037;40.2
3;7.15;42;230;0.26;10;1.2;0.35;0.0017;370;25;0.041;43.5
3;7.15;43;230;0.26;10;1.2;0.35;0.0017;370;25;0.04;41.4
3;7.15;43;230;0.26;10;1.2;0.35;0.0017;370;25;0.041;42.5
3;7.15;44;230;0.26;10;1.2;0.35;0.0017;370;25;0.039;39.4
3;7.15;44;230;0.26;10;1.2;0.35;0.0017;370;25;0.043;43.5
3;7.15;44;230;0.26;10;1.2;0.35;0.0017;370;25;0.044;44.5
3;7.15;45;230;0.26;10;1.2;0.35;0.0017;370;25;0.041;40.6
3;7.15;46;230;0.26;10;1.2;0.35;0.0017;370;25;0.045;43.6
3;7.15;47;230;0.26;10;1.2;0.35;0.0017;370;25;0.044;41.7
3;7.15;48;230;0.26;10;1.2;0.35;0.0017;370;25;0.046;42.7
3;7.15;50;230;0.26;10;1.2;0.35;0.0017;370;25;0.048;42.8
3;7;39.6;230;0.26;3;3.5;0.36;0.04;120;25;0.046;50.7
3;7;43.9;230;0.26;3;3.5;0.36;0.04;120;25;0.052;51.8
3;7;45.7;230;0.26;3;3.5;0.36;0.04;120;25;0.047;45.6
3;7;48.5;230;0.26;3;3.5;0.36;0.04;120;25;0.067;60.8
3;7;48.7;230;0.26;3;3.5;0.36;0.04;120;25;0.062;56.5
3;7;53.4;230;0.26;3;3.5;0.36;0.04;120;25;0.068;56.1
3;7;53.6;230;0.26;3;3.5;0.36;0.04;120;25;0.062;51
3;7;55.2;230;0.26;3;3.5;0.36;0.04;120;25;0.054;43.1
3;7;57.7;230;0.26;3;3.5;0.36;0.04;120;25;0.074;56.5
3;7;59.5;230;0.26;3;3.5;0.36;0.04;120;25;0.072;53.6
3;7;60.1;230;0.26;3;3.5;0.36;0.04;120;25;0.08;58.6
3;7;60.5;230;0.26;3;3.5;0.36;0.04;120;25;0.064;46.3
3;7;60.9;230;0.26;3;3.5;0.36;0.04;120;25;0.061;44.9
3;7;63.1;230;0.26;3;3.5;0.36;0.04;120;25;0.078;55
3;7;63.4;230;0.26;3;3.5;0.36;0.04;120;25;0.066;46
3;7;64;230;0.26;3;3.5;0.36;0.04;120;25;0.067;46
3;7;65;230;0.26;3;3.5;0.36;0.04;120;25;0.077;52.1
3;7;67;230;0.26;3;3.5;0.36;0.04;120;25;0.084;55.7
3;7;70;230;0.26;3;3.5;0.36;0.04;120;25;0.09;56.8
3;7;73.1;230;0.26;3;3.5;0.36;0.04;120;25;0.076;46.3
3;7;75.7;230;0.26;3;3.5;0.36;0.04;120;25;0.085;49.6
3;7;76.8;230;0.26;3;3.5;0.36;0.04;120;25;0.072;41.3
3;7;76.8;230;0.26;3;3.5;0.36;0.04;120;25;0.087;50
3;7;76.8;230;0.26;3;3.5;0.36;0.04;120;25;0.102;58.6
3;7;78.4;230;0.26;3;3.5;0.36;0.04;120;25;0.082;46
3;7;79;230;0.26;3;3.5;0.36;0.04;120;25;0.097;54.3
3;7;79;230;0.26;3;3.5;0.36;0.04;120;25;0.104;58.3
3;7;82.4;230;0.26;3;3.5;0.36;0.04;120;25;0.08;42.7
3;7;85.1;230;0.26;3;3.5;0.36;0.04;120;25;0.101;52.1
3;7;95;230;0.26;3;3.5;0.36;0.04;120;25;0.107;49.2
3;7;95.4;230;0.26;3;3.5;0.36;0.04;120;25;0.096;44.5
5;17.5;125.9;75.7;0.17;4;3.259;0.36;0.01;150;25.6;0.184;26.6
5;17.5;139.4;75.7;0.17;4;3.259;0.36;0.01;150;25.6;0.205;26.8
5;17.5;178.3;75.7;0.17;4;3.259;0.36;0.01;150;25.6;0.263;26.8
5;17.5;232.2;75.7;0.17;4;3.259;0.36;0.01;150;25.6;0.337;26.4
5;17.5;283.1;75.7;0.17;4;3.259;0.36;0.01;150;25.6;0.416;26.7
5;17.5;335.5;75.7;0.17;4;3.259;0.36;0.01;150;25.6;0.485;26.3
5;17.5;388;75.7;0.17;4;3.259;0.36;0.01;150;25.6;0.549;25.8
5;17.5;125.9;75.7;0.17;4;2.955;0.36;0.01;150;40;0.158;22.8
5;17.5;179.8;75.7;0.17;4;2.955;0.36;0.01;150;40;0.213;21.5
5;17.5;230.7;75.7;0.17;4;2.955;0.36;0.01;150;40;0.265;20.9
5;17.5;244.2;75.7;0.17;4;2.955;0.36;0.01;150;40;0.279;20.8
5;17.5;256.2;75.7;0.17;4;2.955;0.36;0.01;150;40;0.284;20.2
5;17.5;283.1;75.7;0.17;4;2.955;0.36;0.01;150;40;0.315;20.3
5;17.5;335.5;75.7;0.17;4;2.955;0.36;0.01;150;40;0.363;19.7
5;17.5;388;75.7;0.17;4;2.955;0.36;0.01;150;40;0.406;19
5;17.5;440.4;75.7;0.17;4;2.955;0.36;0.01;150;40;0.459;18.9
5;17.5;492.8;75.7;0.17;4;2.955;0.36;0.01;150;40;0.499;18.4
5;17.5;179.8;75.7;0.17;4;2.786;0.36;0.01;150;60;0.184;18.6
5;17.5;232.2;75.7;0.17;4;2.786;0.36;0.01;150;60;0.22;17.2
5;17.5;271.2;75.7;0.17;4;2.786;0.36;0.01;150;60;0.246;16.5
5;17.5;284.6;75.7;0.17;4;2.786;0.36;0.01;150;60;0.256;16.3
5;17.5;335.5;75.7;0.17;4;2.786;0.36;0.01;150;60;0.289;15.7
5;17.5;388;75.7;0.17;4;2.786;0.36;0.01;150;60;0.325;15.2
5;17.5;440.4;75.7;0.17;4;2.786;0.36;0.01;150;60;0.358;14.8
5;17.5;492.8;75.7;0.17;4;2.786;0.36;0.01;150;60;0.389;14.4
5;17.5;127.4;75.7;0.17;4;2.185;0.36;0.01;150;80;0.138;19.8
5;17.5;179.8;75.7;0.17;4;2.185;0.36;0.01;150;80;0.16;16.2
5;17.5;190.3;75.7;0.17;4;2.185;0.36;0.01;150;80;0.162;15.5
5;17.5;230.7;75.7;0.17;4;2.185;0.36;0.01;150;80;0.181;14.3
5;17.5;283.1;75.7;0.17;4;2.185;0.36;0.01;150;80;0.201;12.9
5;17.5;335.5;75.7;0.17;4;2.185;0.36;0.01;150;80;0.224;12.2
5;17.5;388;75.7;0.17;4;2.185;0.36;0.01;150;80;0.244;11.4
5;17.5;440.4;75.7;0.17;4;2.185;0.36;0.01;150;80;0.265;10.9
5;17.5;492.8;75.7;0.17;4;2.185;0.36;0.01;150;80;0.287;10.6
5;17.5;543.7;75.7;0.17;4;2.185;0.36;0.01;150;80;0.306;10.2
5;17.5;178.3;75.7;0.17;4;1.731;0.36;0.01;150;100;0.129;13.1
5;17.5;230.7;75.7;0.17;4;1.731;0.36;0.01;150;100;0.141;11.1
5;17.5;269.7;75.7;0.17;4;1.731;0.36;0.01;150;100;0.148;10
5;17.5;283.1;75.7;0.17;4;1.731;0.36;0.01;150;100;0.155;10
5;17.5;335.5;75.7;0.17;4;1.731;0.36;0.01;150;100;0.165;8.9
5;17.5;388;75.7;0.17;4;1.731;0.36;0.01;150;100;0.177;8.3
5;17.5;440.4;75.7;0.17;4;1.731;0.36;0.01;150;100;0.191;7.9
5;17.5;491.3;75.7;0.17;4;1.731;0.36;0.01;150;100;0.203;7.5
5;17.5;543.7;75.7;0.17;4;1.731;0.36;0.01;150;100;0.215;7.2
5;17.5;596.1;75.7;0.17;4;1.731;0.36;0.01;150;100;0.227;6.9
5;17.5;115.4;75.7;0.17;4;1.731;0.36;0.01;150;120;0.083;13.2
5;17.5;127.4;75.7;0.17;4;1.731;0.36;0.01;150;120;0.088;12.6
5;17.5;179.8;75.7;0.17;4;1.731;0.36;0.01;150;120;0.091;9.2
5;17.5;232.2;75.7;0.17;4;1.731;0.36;0.01;150;120;0.1;7.8
5;17.5;284.6;75.7;0.17;4;1.731;0.36;0.01;150;120;0.105;6.7
5;17.5;337;75.7;0.17;4;1.731;0.36;0.01;150;120;0.11;5.9
5;17.5;389.5;75.7;0.17;4;1.731;0.36;0.01;150;120;0.112;5.2
5;17.5;441.9;75.7;0.17;4;1.731;0.36;0.01;150;120;0.122;5
8;7;80;233;0.2;7;3.96;0.37;0.0333;135;25;0.069;39.3
8;7;80;233;0.2;7;3.068;0.37;0.0333;135;60;0.052;29.3
8;7;80;233;0.2;7;2.51;0.37;0.0333;135;90;0.054;30.5
8;7;80;233;0.2;7;1.59;0.37;0.0333;135;120;0.021;12.2
5;17.5;114.7;230;0.2;4;3;0.36;0.01;150;25;0.07;21.7
5;17.5;123.1;230;0.2;4;3;0.36;0.01;150;25;0.08;20.8
5;17.5;148.3;230;0.2;4;3;0.36;0.01;150;25;0.097;21
5;17.5;165;230;0.2;4;3;0.36;0.01;150;25;0.12;20.5
5;17.5;162.2;230;0.2;4;3;0.36;0.01;150;25;0.14;21.2
5;17.5;179;230;0.2;4;3;0.36;0.01;150;25;0.16;20.4
5;17.5;184.6;230;0.2;4;3;0.36;0.01;150;25;0.17;20.9
5;17.5;193;230;0.2;4;3;0.36;0.01;150;25;0.173;20.1
5;17.5;198.6;230;0.2;4;3;0.36;0.01;150;25;0.187;20.6
5;17.5;198.6;230;0.2;4;3;0.36;0.01;150;25;0.213;20.7
5;17.5;215.4;230;0.2;4;3;0.36;0.01;150;25;0.263;20.4
5;17.5;226.6;230;0.2;4;3;0.36;0.01;150;25;0.307;20.6
5;17.5;235;230;0.2;4;3;0.36;0.01;150;25;0.337;20.5
5;17.5;251.7;230;0.2;4;3;0.36;0.01;150;25;0.35;19.8
5;17.5;237.8;230;0.2;4;3;0.36;0.01;150;25;0.367;19.7
5;17.5;257.3;230;0.2;4;3;0.36;0.01;150;25;0.37;19.2
5;17.5;274.1;230;0.2;4;3;0.36;0.01;150;25;0.39;19.5
5;17.5;254.5;230;0.2;4;3;0.36;0.01;150;25;0.403;19.4
5;17.5;262.9;230;0.2;4;3;0.36;0.01;150;25;0.417;19.4
5;17.5;271.3;230;0.2;4;3;0.36;0.01;150;25;0.427;19.1
5;17.5;282.5;230;0.2;4;3;0.36;0.01;150;25;0.453;18.8
5;17.5;285.3;230;0.2;4;3;0.36;0.01;150;25;0.487;18.4
5;17.5;293.7;230;0.2;4;3;0.36;0.01;150;25;0.547;17.8
5;17.5;299.3;230;0.2;4;3;0.36;0.01;150;25;0.573;17.4
5;17.5;313.3;230;0.2;4;3;0.36;0.01;150;25;0.597;16.9
5;17.5;321.7;230;0.2;4;3;0.36;0.01;150;25;0.62;16.5
5;17.5;330.1;230;0.2;4;3;0.36;0.01;150;25;0.637;16
4;7.2;65;90;0.17;4;3;0.36;0.01;150;25;0.045;39.5
4;7.2;65;90;0.17;4;3;0.36;0.01;150;25;0.052;40.5
4;7.2;63.3;90;0.17;4;3;0.36;0.01;150;25;0.059;40.2
4;7.2;81.7;90;0.17;4;3;0.36;0.01;150;25;0.072;40.7
4;7.2;81.7;90;0.17;4;3;0.36;0.01;150;25;0.078;41.3
4;7.2;91.7;90;0.17;4;3;0.36;0.01;150;25;0.084;40.3
4;7.2;93.3;90;0.17;4;3;0.36;0.01;150;25;0.094;38.9
4;7.2;106.7;90;0.17;4;3;0.36;0.01;150;25;0.101;39.4
4;7.2;120;90;0.17;4;3;0.36;0.01;150;25;0.107;38.8
4;7.2;115;90;0.17;4;3;0.36;0.01;150;25;0.113;37.8
4;7.2;111.7;90;0.17;4;3;0.36;0.01;150;25;0.127;38.3
4;7.2;120;90;0.17;4;3;0.36;0.01;150;25;0.13;38.3
4;7.2;128.3;90;0.17;4;3;0.36;0.01;150;25;0.133;38.3
4;7.2;158.3;90;0.17;4;3;0.36;0.01;150;25;0.136;38.3
4;7.2;128.3;90;0.17;4;3;0.36;0.01;150;25;0.166;37
4;7.2;158.3;90;0.17;4;3;0.36;0.01;150;25;0.193;35.6
4;7.2;188.3;90;0.17;4;3;0.36;0.01;150;25;0.218;34.4
4;7.2;218.3;90;0.17;4;3;0.36;0.01;150;25;0.238;32.9
4;7.2;248.3;90;0.17;4;3;0.36;0.01;150;25;0.255;31.4
4;7.2;278.3;90;0.17;4;3;0.36;0.01;150;25;0.271;30
